"";"";"";"";"dentro";""
"1";"dentro";"-0.227124340915118";"0.652222790531648";"0.834316035038767";"180"
"2";"primeiro";"-0.0739761867054992";"0.455089100983655";"0.822491594812799";"198"
"3";"nós";"0.246737655899264";"0.212225634396442";"0.817275423308861";"212"
"4";"2013";"-0.246589992846446";"-0.0665844272829369";"0.807513970526573";"241"
