"";"";"";"";"primeiro";""
"1";"primeiro";"-0.237116408650989";"0.237576024480518";"0.83027207650199";"216"
"2";"atrás";"-0.294515215191182";"0.50638175535624";"0.825311400589522";"222"
"3";"jamais";"-0.294515215191182";"0.50638175535624";"0.825311400589522";"224"
"4";"segundo";"-0.178900010906204";"-0.202573701261321";"0.821157581602575";"226"
"5";"realmente";"-0.442499166484784";"0.0889881230876031";"0.819125497493854";"230"
"6";"supostamente";"0.171442593850856";"0.00843420270680945";"0.812013203113327";"242"
"7";"18";"-0.0938545536093965";"-0.0435101071686264";"0.809114494899415";"248"
