"";"";"";"";"algum";""
"1";"algum";"-0.114399818828106";"0.366802189539578";"0.864063986333016";"193"
"2";"completamente";"-0.334897731990271";"0.511533605582639";"0.832843470326726";"222"
"3";"também";"0.0599104233029683";"-0.0142525531808572";"0.82549746656054";"230"
"4";"inclusive";"-0.425843511522299";"0.122601547128099";"0.82208072062278";"238"
